{"cameraMode":{"drawMode":0,"name":"Shaded","section":"Shading Mode"},"sceneLighting":false,"audioPlay":false,"sceneViewState":{"showFog":false,"showMaterialUpdate":false,"showSkybox":false,"showFlares":false,"showImageEffects":false,"showParticleSystems":false},"in2DMode":false,"pivot":{"x":0.0,"y":-1.5090336091816426e-7,"z":0.019684962928295137},"rotation":{"x":0.15007810294628144,"y":0.38601911067962649,"z":-0.06380564719438553,"w":0.9079655408859253},"size":0.07147221267223358,"orthographic":false}