{"cameraMode":{"drawMode":0,"name":"Shaded","section":"Shading Mode"},"sceneLighting":false,"audioPlay":false,"sceneViewState":{"showFog":false,"showMaterialUpdate":false,"showSkybox":false,"showFlares":false,"showImageEffects":false,"showParticleSystems":false},"in2DMode":false,"pivot":{"x":0.39956605434417727,"y":0.19705131649971009,"z":0.009400427341461182},"rotation":{"x":0.06008272245526314,"y":-0.0792766585946083,"z":0.004787146113812923,"w":0.9950317740440369},"size":0.8636859059333801,"orthographic":false}