{"cameraMode":{"drawMode":0,"name":"Shaded","section":"Shading Mode"},"sceneLighting":false,"audioPlay":false,"sceneViewState":{"showFog":false,"showMaterialUpdate":false,"showSkybox":false,"showFlares":false,"showImageEffects":false,"showParticleSystems":false},"in2DMode":false,"pivot":{"x":346.974365234375,"y":289.2628173828125,"z":-853.9385375976563},"rotation":{"x":0.15987679362297059,"y":0.31937918066978457,"z":-0.054761242121458057,"w":0.9324401617050171},"size":1.0604208707809449,"orthographic":true}