{"cameraMode":{"drawMode":0,"name":"Shaded","section":"Shading Mode"},"sceneLighting":false,"audioPlay":false,"sceneViewState":{"showFog":false,"showMaterialUpdate":false,"showSkybox":false,"showFlares":false,"showImageEffects":false,"showParticleSystems":false},"in2DMode":false,"pivot":{"x":0.31935179233551028,"y":0.3129613697528839,"z":0.010766029357910157},"rotation":{"x":0.06008272245526314,"y":-0.0792766585946083,"z":0.004787146113812923,"w":0.9950317740440369},"size":1.163685917854309,"orthographic":false}