{"cameraMode":{"drawMode":0,"name":"Shaded","section":"Shading Mode"},"sceneLighting":false,"audioPlay":false,"sceneViewState":{"showFog":false,"showMaterialUpdate":false,"showSkybox":false,"showFlares":false,"showImageEffects":false,"showParticleSystems":false},"in2DMode":false,"pivot":{"x":347.5342102050781,"y":288.834228515625,"z":-853.9627075195313},"rotation":{"x":0.03159783035516739,"y":0.11369159817695618,"z":-0.0036175528075546028,"w":0.9930097460746765},"size":1.3126099109649659,"orthographic":false}