{"cameraMode":{"drawMode":0,"name":"Shaded","section":"Shading Mode"},"sceneLighting":true,"audioPlay":false,"sceneViewState":{"showFog":false,"showMaterialUpdate":false,"showSkybox":false,"showFlares":false,"showImageEffects":false,"showParticleSystems":false},"in2DMode":false,"pivot":{"x":-0.5161063075065613,"y":0.14656096696853639,"z":-0.15588700771331788},"rotation":{"x":0.016345152631402017,"y":0.9669594764709473,"z":-0.24619434773921967,"w":0.06420478969812393},"size":0.9671692252159119,"orthographic":false}